<?xml version="1.0" encoding="UTF-8"?><?xml-stylesheet type='text/xsl' href='_UpgradeReport_Files/UpgradeReport.xslt'?><UpgradeLog>
<Properties><Property Name="Solution" Value="Hello_Triangle">
</Property><Property Name="Solution File" Value="E:\OBELISK\Obeloft\GLSL\HelloTriangle\Hello_Triangle.sln">
</Property><Property Name="User Options File" Value="E:\OBELISK\Obeloft\GLSL\HelloTriangle\Hello_Triangle.suo">
</Property><Property Name="Date" Value="Thursday, September 29, 2011">
</Property><Property Name="Time" Value="16:56 PM">
</Property></Properties><Event ErrorLevel="0" Project="" Source="Hello_Triangle.sln" Description="File successfully backed up as E:\OBELISK\Obeloft\GLSL\HelloTriangle\Hello_Triangle.sln.old">
</Event><Event ErrorLevel="0" Project="" Source="Hello_Triangle.suo" Description="File successfully backed up as E:\OBELISK\Obeloft\GLSL\HelloTriangle\Hello_Triangle.suo.old">
</Event><Event ErrorLevel="0" Project="Hello_Triangle" Source="Hello_Triangle.vcproj" Description="Converting project file 'E:\OBELISK\Obeloft\GLSL\HelloTriangle\Hello_Triangle.vcproj'.">
</Event><Event ErrorLevel="1" Project="Hello_Triangle" Source="Hello_Triangle.vcproj" Description="VCWebServiceProxyGeneratorTool is no longer supported. The tool has been removed from your project settings.">
</Event><Event ErrorLevel="1" Project="Hello_Triangle" Source="Hello_Triangle.vcproj" Description="Attribute 'Detect64BitPortabilityProblems' of 'VCCLCompilerTool' is not supported in this version and has been removed during conversion.">
</Event><Event ErrorLevel="1" Project="Hello_Triangle" Source="Hello_Triangle.vcproj" Description="Attribute 'Detect64BitPortabilityProblems' of 'VCCLCompilerTool' is not supported in this version and has been removed during conversion.">
</Event><Event ErrorLevel="1" Project="Hello_Triangle" Source="Hello_Triangle.vcproj" Description="MSB8012: $(TargetPath) ('E:\OBELISK\Obeloft\GLSL\HelloTriangle\Release\Hello_Triangle.exe') does not match the Linker's OutputFile property value '..\..\Bin\Hello_Triangle.exe' ('E:\OBELISK\Obeloft\Bin\Hello_Triangle.exe') in project configuration 'Release|Win32'. This may cause your project to build incorrectly. To correct this, please make sure that $(TargetPath) property value matches the value specified in %(Link.OutputFile).">
</Event><Event ErrorLevel="0" Project="Hello_Triangle" Source="Hello_Triangle.vcproj" Description="Done converting to new project file 'E:\OBELISK\Obeloft\GLSL\HelloTriangle\Hello_Triangle.vcxproj'.">
</Event><Event ErrorLevel="3" Project="Hello_Triangle" Source="Hello_Triangle.vcproj" Description="Converted">
</Event><Event ErrorLevel="0" Project="esUtil" Source="Common\esUtil.vcproj" Description="Converting project file 'E:\OBELISK\Obeloft\GLSL\HelloTriangle\Common\esUtil.vcproj'.">
</Event><Event ErrorLevel="1" Project="esUtil" Source="Common\esUtil.vcproj" Description="VCWebServiceProxyGeneratorTool is no longer supported. The tool has been removed from your project settings.">
</Event><Event ErrorLevel="1" Project="esUtil" Source="Common\esUtil.vcproj" Description="Attribute 'Detect64BitPortabilityProblems' of 'VCCLCompilerTool' is not supported in this version and has been removed during conversion.">
</Event><Event ErrorLevel="1" Project="esUtil" Source="Common\esUtil.vcproj" Description="Attribute 'Detect64BitPortabilityProblems' of 'VCCLCompilerTool' is not supported in this version and has been removed during conversion.">
</Event><Event ErrorLevel="1" Project="esUtil" Source="Common\esUtil.vcproj" Description="MSB8012: $(TargetName) ('esUtil') does not match the Librarian's OutputFile property value 'lib\esUtil_d.lib' ('esUtil_d') in project configuration 'Debug|Win32'. This may cause your project to build incorrectly. To correct this, please make sure that $(TargetName) property value matches the value specified in %(Lib.OutputFile).">
</Event><Event ErrorLevel="1" Project="esUtil" Source="Common\esUtil.vcproj" Description="MSB8012: $(TargetPath) ('E:\OBELISK\Obeloft\GLSL\HelloTriangle\Common\lib\esUtil.lib') does not match the Librarian's OutputFile property value 'lib\esUtil_d.lib' ('E:\OBELISK\Obeloft\GLSL\HelloTriangle\lib\esUtil_d.lib') in project configuration 'Debug|Win32'. This may cause your project to build incorrectly. To correct this, please make sure that $(TargetPath) property value matches the value specified in %(Lib.OutputFile).">
</Event><Event ErrorLevel="1" Project="esUtil" Source="Common\esUtil.vcproj" Description="MSB8012: $(TargetPath) ('E:\OBELISK\Obeloft\GLSL\HelloTriangle\Common\lib\esUtil.lib') does not match the Librarian's OutputFile property value 'lib\esUtil.lib' ('E:\OBELISK\Obeloft\GLSL\HelloTriangle\lib\esUtil.lib') in project configuration 'Release|Win32'. This may cause your project to build incorrectly. To correct this, please make sure that $(TargetPath) property value matches the value specified in %(Lib.OutputFile).">
</Event><Event ErrorLevel="0" Project="esUtil" Source="Common\esUtil.vcproj" Description="Done converting to new project file 'E:\OBELISK\Obeloft\GLSL\HelloTriangle\Common\esUtil.vcxproj'.">
</Event><Event ErrorLevel="3" Project="esUtil" Source="Common\esUtil.vcproj" Description="Converted">
</Event><Event ErrorLevel="0" Project="" Source="Hello_Triangle.sln" Description="Solution converted successfully">
</Event><Event ErrorLevel="3" Project="" Source="Hello_Triangle.sln" Description="Converted">
</Event></UpgradeLog>